{"minLat":-28.80649145473966,"maxLat":-27.72756822628585,"minLon":-49.54221020854336,"maxLon":-48.54436168318798}